{
  "train_accuracy": 0.9447340980187695,
  "test_accuracy": 0.8878504672897196,
  "classification_report": {
    "NEGATIVE": {
      "precision": 0.8148148148148148,
      "recall": 0.9166666666666666,
      "f1-score": 0.8627450980392157,
      "support": 72.0
    },
    "NEUTRAL": {
      "precision": 0.9634146341463414,
      "recall": 0.9753086419753086,
      "f1-score": 0.9693251533742331,
      "support": 81.0
    },
    "POSITIVE": {
      "precision": 0.8823529411764706,
      "recall": 0.7377049180327869,
      "f1-score": 0.8035714285714286,
      "support": 61.0
    },
    "accuracy": 0.8878504672897196,
    "macro avg": {
      "precision": 0.8868607967125423,
      "recall": 0.876560075558254,
      "f1-score": 0.8785472266616258,
      "support": 214.0
    },
    "weighted avg": {
      "precision": 0.8903120628237617,
      "recall": 0.8878504672897196,
      "f1-score": 0.8862188860981007,
      "support": 214.0
    }
  }
}