{
  "train_accuracy": 0.47840531561461797,
  "test_accuracy": 0.3702127659574468,
  "classification_report": {
    "NEGATIVE": {
      "precision": 0.2761904761904762,
      "recall": 0.5471698113207547,
      "f1-score": 0.3670886075949367,
      "support": 53.0
    },
    "NEUTRAL": {
      "precision": 0.3829787234042553,
      "recall": 0.5142857142857142,
      "f1-score": 0.43902439024390244,
      "support": 70.0
    },
    "POSITIVE": {
      "precision": 0.6111111111111112,
      "recall": 0.19642857142857142,
      "f1-score": 0.2972972972972973,
      "support": 112.0
    },
    "accuracy": 0.3702127659574468,
    "macro avg": {
      "precision": 0.4234267702352809,
      "recall": 0.41929469901168015,
      "f1-score": 0.3678034317120455,
      "support": 235.0
    },
    "weighted avg": {
      "precision": 0.46762149072696835,
      "recall": 0.3702127659574468,
      "f1-score": 0.3552540460293707,
      "support": 235.0
    }
  }
}