{
  "train_accuracy": 0.801043219076006,
  "test_accuracy": 0.6607142857142857,
  "classification_report": {
    "NEGATIVE": {
      "precision": 0.525974025974026,
      "recall": 0.6090225563909775,
      "f1-score": 0.5644599303135889,
      "support": 133.0
    },
    "NEUTRAL": {
      "precision": 0.7448979591836735,
      "recall": 0.7448979591836735,
      "f1-score": 0.7448979591836735,
      "support": 98.0
    },
    "POSITIVE": {
      "precision": 0.7244897959183674,
      "recall": 0.6543778801843319,
      "f1-score": 0.6876513317191283,
      "support": 217.0
    },
    "accuracy": 0.6607142857142857,
    "macro avg": {
      "precision": 0.6651205936920223,
      "recall": 0.6694327985863276,
      "f1-score": 0.6656697404054636,
      "support": 448.0
    },
    "weighted avg": {
      "precision": 0.6700197124304267,
      "recall": 0.6607142857142857,
      "f1-score": 0.663601584184728,
      "support": 448.0
    }
  }
}