{
  "train_accuracy": 0.728514654744163,
  "test_accuracy": 0.6205357142857143,
  "classification_report": {
    "NEGATIVE": {
      "precision": 0.512987012987013,
      "recall": 0.626984126984127,
      "f1-score": 0.5642857142857143,
      "support": 126.0
    },
    "NEUTRAL": {
      "precision": 0.6956521739130435,
      "recall": 0.6557377049180327,
      "f1-score": 0.6751054852320675,
      "support": 122.0
    },
    "POSITIVE": {
      "precision": 0.664804469273743,
      "recall": 0.595,
      "f1-score": 0.6279683377308707,
      "support": 200.0
    },
    "accuracy": 0.6205357142857143,
    "macro avg": {
      "precision": 0.6244812187245999,
      "recall": 0.6259072773007198,
      "f1-score": 0.6224531790828841,
      "support": 448.0
    },
    "weighted avg": {
      "precision": 0.6305063006886239,
      "recall": 0.6205357142857143,
      "f1-score": 0.6228940552332285,
      "support": 448.0
    }
  }
}